Workbook
Name FX_USDKRW: '설정'!$B$5
Name URL_KR: '설정'!$B$6
Name URL_US: '설정'!$B$7

Sheet 총자산
A1: 주식 총자산
A2: 종목별 보유 현황은 '국장투자' / '미장투자' 시트, 투자 원금·예수금은 '현금투자' 시트에서 확인하세요. 환율·파일 URL은 '설정' 시트에서 변경합니다.
A3: 요약 | B3: 국장 (KRW) | C3: 미장 (USD) | D3: 미장 (원화 환산) | E3: 합계 (KRW) | F3: 합계 (USD 환산)
A4: 투자 원금 | B4: ='현금투자'!B16 | C4: ='현금투자'!B29 | D4: ='현금투자'!B31 | E4: =B4+D4 | F4: =E4/FX_USDKRW
A5: 매수금액 | B5: ='국장투자'!G4 | C5: ='미장투자'!G4 | D5: =C5*FX_USDKRW | E5: =B5+D5 | F5: =E5/FX_USDKRW
A6: 평가금액 | B6: ='국장투자'!H4 | C6: ='미장투자'!H4 | D6: =C6*FX_USDKRW | E6: =B6+D6 | F6: =E6/FX_USDKRW
A7: 예수금 | B7: ='현금투자'!C13 | C7: ='현금투자'!C26 | D7: =C7*FX_USDKRW | E7: =B7+D7 | F7: =E7/FX_USDKRW
A8: 총 평가자산 | B8: =B6+B7 | C8: =C6+C7 | D8: =D6+D7 | E8: =E6+E7 | F8: =E8/FX_USDKRW
A9: 총 손익 | B9: =B8-B4 | C9: =C8-C4 | D9: =D8-D4 | E9: =E8-E4 | F9: =E9/FX_USDKRW
A10: 수익률 | B10: =IF(B4=0,0,B9/B4) | C10: =IF(C4=0,0,C9/C4) | D10: =IF(D4=0,0,D9/D4) | E10: =IF(E4=0,0,E9/E4) | F10: =E10
A11: 누적 실현손익 | B11: ='국장투자'!K4 | C11: ='미장투자'!K4 | D11: =C11*FX_USDKRW | E11: =B11+D11 | F11: =E11/FX_USDKRW
A13: 투자 원금은 '현금투자' 탭의 입출금·환전 내역 누적, 예수금은 기준일 스냅샷 + 이후 매매·입출금·환전 기준입니다. 누적 실현손익 행은 참고용 전체 기간 합계입니다. 미장 원화 환산 투자 원금은 누적 달러 매수 평균 환율(현금투자 B30) 기준이라 총 손익에 환차손익이 포함됩니다.

Sheet 국장투자
A1: 국장 보유 종목 (KRW)
A2: 보유 종목은 국장_주식일지의 '종목목록' 탭에서 개수 제한 없이 자동으로 불러옵니다.
A3: 종목 탭 | B3: 종목명 | C3: 티커 | D3: 보유 수량 | E3: 평균 매수단가 | F3: 현재가 | G3: 매수금액 | H3: 평가금액 | I3: 평가 손익 | J3: 수익률 | K3: 누적 실현손익 | L3: 비중
A4: 합계 | B4: =COUNTIF(A5:A,"?*")&"종목" | G4: =SUM(G5:G) | H4: =SUM(H5:H) | I4: =H4-G4 | J4: =IF(G4=0,0,I4/G4) | K4: =SUM(K5:K) | L4: =SUM(L5:L)
A5: =ARRAYFORMULA(IFERROR(LET(tl,IMPORTRANGE(URL_KR,"'종목목록'!A2:A"),tabs,FILTER(tl,tl<>""),rs,REDUCE(SEQUENCE(1,11,0,0),tabs,LAMBDA(acc,t,VSTACK(acc,LET(d,IMPORTRANGE(URL_KR,"'"&t&"'!A1:D7"),HSTACK(t,INDEX(d,1,2),INDEX(d,2,2),INDEX(d,4,2),INDEX(d,5,2),INDEX(d,3,2),INDEX(d,6,2),INDEX(d,7,2),INDEX(d,1,4),INDEX(d,2,4),INDEX(d,3,4)))))),r,FILTER(rs,SEQUENCE(ROWS(rs))>1),h,CHOOSECOLS(r,8),tot,SUM(h),HSTACK(r,IF(tot=0,"",h/tot))),""))

Sheet 미장투자
A1: 미장 보유 종목 (USD)
A2: 보유 종목은 미장_주식일지의 '종목목록' 탭에서 개수 제한 없이 자동으로 불러옵니다.
A3: 종목 탭 | B3: 종목명 | C3: 티커 | D3: 보유 수량 | E3: 평균 매수단가 | F3: 현재가 | G3: 매수금액 | H3: 평가금액 | I3: 평가 손익 | J3: 수익률 | K3: 누적 실현손익 | L3: 비중
A4: 합계 | B4: =COUNTIF(A5:A,"?*")&"종목" | G4: =SUM(G5:G) | H4: =SUM(H5:H) | I4: =H4-G4 | J4: =IF(G4=0,0,I4/G4) | K4: =SUM(K5:K) | L4: =SUM(L5:L)
A5: =ARRAYFORMULA(IFERROR(LET(tl,IMPORTRANGE(URL_US,"'종목목록'!A2:A"),tabs,FILTER(tl,tl<>""),rs,REDUCE(SEQUENCE(1,11,0,0),tabs,LAMBDA(acc,t,VSTACK(acc,LET(d,IMPORTRANGE(URL_US,"'"&t&"'!A1:D7"),HSTACK(t,INDEX(d,1,2),INDEX(d,2,2),INDEX(d,4,2),INDEX(d,5,2),INDEX(d,3,2),INDEX(d,6,2),INDEX(d,7,2),INDEX(d,1,4),INDEX(d,2,4),INDEX(d,3,4)))))),r,FILTER(rs,SEQUENCE(ROWS(rs))>1),h,CHOOSECOLS(r,8),tot,SUM(h),HSTACK(r,IF(tot=0,"",h/tot))),""))

Sheet 현금투자
A1: 현금투자 현황
A2: 투자 원금 = 하단 '입출금 · 환전 내역' 누적(자동). 원화는 입금·출금으로, 달러는 환전(달러 매수/매도)으로만 들어오고 나갑니다. 미장 원화 원금 = 달러 원금 × 기준 환율(누적 달러 매수 평균, 자동). 예수금 = 기준 예수금 + 기준일 이후 매도대금 − 매수대금 + 입출금·환전(자동). 기준일 당일 행은 원금 이월분이라 예수금에는 더해지지 않습니다. 파란 칸만 직접 입력합니다.
A3: 기준일 | B3: 46024
A5: 원화 계좌 (국장 · KRW)
A6: 계좌 | B6: 투자금 (매수원금) | C6: 예수금 | D6: 계좌 합계 | E6: 비중 | F6: 기준 예수금 | G6: 기준일 이후 실현손익 | H6: 기준일 이후 입출금·환전
A7: 메리츠증권 | B7: =IF($A7="","",SUMIFS('_거래집계'!$D:$D,'_거래집계'!$A:$A,"국장",'_거래집계'!$F:$F,$A7,'_거래집계'!$C:$C,"매수")-SUMIFS('_거래집계'!$D:$D,'_거래집계'!$A:$A,"국장",'_거래집계'!$F:$F,$A7,'_거래집계'!$C:$C,"매도")+SUMIFS('_거래집계'!$E:$E,'_거래집계'!$A:$A,"국장",'_거래집계'!$F:$F,$A7)) | C7: =IF($A7="","",N($F7)+SUMIFS('_거래집계'!$D:$D,'_거래집계'!$A:$A,"국장",'_거래집계'!$F:$F,$A7,'_거래집계'!$C:$C,"매도",'_거래집계'!$G:$G,">"&$B$3)-SUMIFS('_거래집계'!$D:$D,'_거래집계'!$A:$A,"국장",'_거래집계'!$F:$F,$A7,'_거래집계'!$C:$C,"매수",'_거래집계'!$G:$G,">"&$B$3)+N($H7)) | D7: =IF($A7="","",B7+C7) | E7: =IF(OR($A7="",$D$13=0),"",D7/$D$13) | F7: 7300000 | G7: =IF($A7="","",SUMIFS('_거래집계'!$E:$E,'_거래집계'!$A:$A,"국장",'_거래집계'!$F:$F,$A7,'_거래집계'!$G:$G,">"&$B$3)) | H7: =IF($A7="","",SUMIFS($D$36:$D,$C$36:$C,$A7,$B$36:$B,"입금",$A$36:$A,">"&$B$3)-SUMIFS($D$36:$D,$C$36:$C,$A7,$B$36:$B,"출금",$A$36:$A,">"&$B$3)-SUMIFS($D$36:$D,$C$36:$C,$A7,$B$36:$B,"달러 매수",$A$36:$A,">"&$B$3)+SUMIFS($D$36:$D,$C$36:$C,$A7,$B$36:$B,"달러 매도",$A$36:$A,">"&$B$3))
A8: 메리츠 RIA | B8: =IF($A8="","",SUMIFS('_거래집계'!$D:$D,'_거래집계'!$A:$A,"국장",'_거래집계'!$F:$F,$A8,'_거래집계'!$C:$C,"매수")-SUMIFS('_거래집계'!$D:$D,'_거래집계'!$A:$A,"국장",'_거래집계'!$F:$F,$A8,'_거래집계'!$C:$C,"매도")+SUMIFS('_거래집계'!$E:$E,'_거래집계'!$A:$A,"국장",'_거래집계'!$F:$F,$A8)) | C8: =IF($A8="","",N($F8)+SUMIFS('_거래집계'!$D:$D,'_거래집계'!$A:$A,"국장",'_거래집계'!$F:$F,$A8,'_거래집계'!$C:$C,"매도",'_거래집계'!$G:$G,">"&$B$3)-SUMIFS('_거래집계'!$D:$D,'_거래집계'!$A:$A,"국장",'_거래집계'!$F:$F,$A8,'_거래집계'!$C:$C,"매수",'_거래집계'!$G:$G,">"&$B$3)+N($H8)) | D8: =IF($A8="","",B8+C8) | E8: =IF(OR($A8="",$D$13=0),"",D8/$D$13) | F8: 0 | G8: =IF($A8="","",SUMIFS('_거래집계'!$E:$E,'_거래집계'!$A:$A,"국장",'_거래집계'!$F:$F,$A8,'_거래집계'!$G:$G,">"&$B$3)) | H8: =IF($A8="","",SUMIFS($D$36:$D,$C$36:$C,$A8,$B$36:$B,"입금",$A$36:$A,">"&$B$3)-SUMIFS($D$36:$D,$C$36:$C,$A8,$B$36:$B,"출금",$A$36:$A,">"&$B$3)-SUMIFS($D$36:$D,$C$36:$C,$A8,$B$36:$B,"달러 매수",$A$36:$A,">"&$B$3)+SUMIFS($D$36:$D,$C$36:$C,$A8,$B$36:$B,"달러 매도",$A$36:$A,">"&$B$3))
A9: 토스증권 | B9: =IF($A9="","",SUMIFS('_거래집계'!$D:$D,'_거래집계'!$A:$A,"국장",'_거래집계'!$F:$F,$A9,'_거래집계'!$C:$C,"매수")-SUMIFS('_거래집계'!$D:$D,'_거래집계'!$A:$A,"국장",'_거래집계'!$F:$F,$A9,'_거래집계'!$C:$C,"매도")+SUMIFS('_거래집계'!$E:$E,'_거래집계'!$A:$A,"국장",'_거래집계'!$F:$F,$A9)) | C9: =IF($A9="","",N($F9)+SUMIFS('_거래집계'!$D:$D,'_거래집계'!$A:$A,"국장",'_거래집계'!$F:$F,$A9,'_거래집계'!$C:$C,"매도",'_거래집계'!$G:$G,">"&$B$3)-SUMIFS('_거래집계'!$D:$D,'_거래집계'!$A:$A,"국장",'_거래집계'!$F:$F,$A9,'_거래집계'!$C:$C,"매수",'_거래집계'!$G:$G,">"&$B$3)+N($H9)) | D9: =IF($A9="","",B9+C9) | E9: =IF(OR($A9="",$D$13=0),"",D9/$D$13) | F9: 3000000 | G9: =IF($A9="","",SUMIFS('_거래집계'!$E:$E,'_거래집계'!$A:$A,"국장",'_거래집계'!$F:$F,$A9,'_거래집계'!$G:$G,">"&$B$3)) | H9: =IF($A9="","",SUMIFS($D$36:$D,$C$36:$C,$A9,$B$36:$B,"입금",$A$36:$A,">"&$B$3)-SUMIFS($D$36:$D,$C$36:$C,$A9,$B$36:$B,"출금",$A$36:$A,">"&$B$3)-SUMIFS($D$36:$D,$C$36:$C,$A9,$B$36:$B,"달러 매수",$A$36:$A,">"&$B$3)+SUMIFS($D$36:$D,$C$36:$C,$A9,$B$36:$B,"달러 매도",$A$36:$A,">"&$B$3))
A10: 토스 RIA | B10: =IF($A10="","",SUMIFS('_거래집계'!$D:$D,'_거래집계'!$A:$A,"국장",'_거래집계'!$F:$F,$A10,'_거래집계'!$C:$C,"매수")-SUMIFS('_거래집계'!$D:$D,'_거래집계'!$A:$A,"국장",'_거래집계'!$F:$F,$A10,'_거래집계'!$C:$C,"매도")+SUMIFS('_거래집계'!$E:$E,'_거래집계'!$A:$A,"국장",'_거래집계'!$F:$F,$A10)) | C10: =IF($A10="","",N($F10)+SUMIFS('_거래집계'!$D:$D,'_거래집계'!$A:$A,"국장",'_거래집계'!$F:$F,$A10,'_거래집계'!$C:$C,"매도",'_거래집계'!$G:$G,">"&$B$3)-SUMIFS('_거래집계'!$D:$D,'_거래집계'!$A:$A,"국장",'_거래집계'!$F:$F,$A10,'_거래집계'!$C:$C,"매수",'_거래집계'!$G:$G,">"&$B$3)+N($H10)) | D10: =IF($A10="","",B10+C10) | E10: =IF(OR($A10="",$D$13=0),"",D10/$D$13) | F10: 0 | G10: =IF($A10="","",SUMIFS('_거래집계'!$E:$E,'_거래집계'!$A:$A,"국장",'_거래집계'!$F:$F,$A10,'_거래집계'!$G:$G,">"&$B$3)) | H10: =IF($A10="","",SUMIFS($D$36:$D,$C$36:$C,$A10,$B$36:$B,"입금",$A$36:$A,">"&$B$3)-SUMIFS($D$36:$D,$C$36:$C,$A10,$B$36:$B,"출금",$A$36:$A,">"&$B$3)-SUMIFS($D$36:$D,$C$36:$C,$A10,$B$36:$B,"달러 매수",$A$36:$A,">"&$B$3)+SUMIFS($D$36:$D,$C$36:$C,$A10,$B$36:$B,"달러 매도",$A$36:$A,">"&$B$3))
B11: =IF($A11="","",SUMIFS('_거래집계'!$D:$D,'_거래집계'!$A:$A,"국장",'_거래집계'!$F:$F,$A11,'_거래집계'!$C:$C,"매수")-SUMIFS('_거래집계'!$D:$D,'_거래집계'!$A:$A,"국장",'_거래집계'!$F:$F,$A11,'_거래집계'!$C:$C,"매도")+SUMIFS('_거래집계'!$E:$E,'_거래집계'!$A:$A,"국장",'_거래집계'!$F:$F,$A11)) | C11: =IF($A11="","",N($F11)+SUMIFS('_거래집계'!$D:$D,'_거래집계'!$A:$A,"국장",'_거래집계'!$F:$F,$A11,'_거래집계'!$C:$C,"매도",'_거래집계'!$G:$G,">"&$B$3)-SUMIFS('_거래집계'!$D:$D,'_거래집계'!$A:$A,"국장",'_거래집계'!$F:$F,$A11,'_거래집계'!$C:$C,"매수",'_거래집계'!$G:$G,">"&$B$3)+N($H11)) | D11: =IF($A11="","",B11+C11) | E11: =IF(OR($A11="",$D$13=0),"",D11/$D$13) | G11: =IF($A11="","",SUMIFS('_거래집계'!$E:$E,'_거래집계'!$A:$A,"국장",'_거래집계'!$F:$F,$A11,'_거래집계'!$G:$G,">"&$B$3)) | H11: =IF($A11="","",SUMIFS($D$36:$D,$C$36:$C,$A11,$B$36:$B,"입금",$A$36:$A,">"&$B$3)-SUMIFS($D$36:$D,$C$36:$C,$A11,$B$36:$B,"출금",$A$36:$A,">"&$B$3)-SUMIFS($D$36:$D,$C$36:$C,$A11,$B$36:$B,"달러 매수",$A$36:$A,">"&$B$3)+SUMIFS($D$36:$D,$C$36:$C,$A11,$B$36:$B,"달러 매도",$A$36:$A,">"&$B$3))
B12: =IF($A12="","",SUMIFS('_거래집계'!$D:$D,'_거래집계'!$A:$A,"국장",'_거래집계'!$F:$F,$A12,'_거래집계'!$C:$C,"매수")-SUMIFS('_거래집계'!$D:$D,'_거래집계'!$A:$A,"국장",'_거래집계'!$F:$F,$A12,'_거래집계'!$C:$C,"매도")+SUMIFS('_거래집계'!$E:$E,'_거래집계'!$A:$A,"국장",'_거래집계'!$F:$F,$A12)) | C12: =IF($A12="","",N($F12)+SUMIFS('_거래집계'!$D:$D,'_거래집계'!$A:$A,"국장",'_거래집계'!$F:$F,$A12,'_거래집계'!$C:$C,"매도",'_거래집계'!$G:$G,">"&$B$3)-SUMIFS('_거래집계'!$D:$D,'_거래집계'!$A:$A,"국장",'_거래집계'!$F:$F,$A12,'_거래집계'!$C:$C,"매수",'_거래집계'!$G:$G,">"&$B$3)+N($H12)) | D12: =IF($A12="","",B12+C12) | E12: =IF(OR($A12="",$D$13=0),"",D12/$D$13) | G12: =IF($A12="","",SUMIFS('_거래집계'!$E:$E,'_거래집계'!$A:$A,"국장",'_거래집계'!$F:$F,$A12,'_거래집계'!$G:$G,">"&$B$3)) | H12: =IF($A12="","",SUMIFS($D$36:$D,$C$36:$C,$A12,$B$36:$B,"입금",$A$36:$A,">"&$B$3)-SUMIFS($D$36:$D,$C$36:$C,$A12,$B$36:$B,"출금",$A$36:$A,">"&$B$3)-SUMIFS($D$36:$D,$C$36:$C,$A12,$B$36:$B,"달러 매수",$A$36:$A,">"&$B$3)+SUMIFS($D$36:$D,$C$36:$C,$A12,$B$36:$B,"달러 매도",$A$36:$A,">"&$B$3))
A13: 합계 | B13: =SUM(B7:B12) | C13: =SUM(C7:C12) | D13: =SUM(D7:D12) | E13: =SUM(E7:E12) | F13: =SUM(F7:F12) | G13: =SUM(G7:G12) | H13: =SUM(H7:H12)
A14: 누적 입금 − 출금 (원화) | B14: =SUMIFS($D$36:$D,$B$36:$B,"입금")-SUMIFS($D$36:$D,$B$36:$B,"출금")
A15: 환전 순이동 (달러 매도분 × 기준 환율 − 달러 매수 원화) | B15: =-SUMIFS($D$36:$D,$B$36:$B,"달러 매수")+SUMIFS($F$36:$F,$B$36:$B,"달러 매도")*$B$30
A16: 투자 원금 | B16: =B14+B15
A18: 달러 계좌 (미장 · USD)
A19: 계좌 | B19: 투자금 (매수원금) | C19: 예수금 | D19: 계좌 합계 | E19: 비중 | F19: 기준 예수금 | G19: 기준일 이후 실현손익 | H19: 기준일 이후 환전 (달러)
A20: 메리츠증권 | B20: =IF($A20="","",SUMIFS('_거래집계'!$D:$D,'_거래집계'!$A:$A,"미장",'_거래집계'!$F:$F,$A20,'_거래집계'!$C:$C,"매수")-SUMIFS('_거래집계'!$D:$D,'_거래집계'!$A:$A,"미장",'_거래집계'!$F:$F,$A20,'_거래집계'!$C:$C,"매도")+SUMIFS('_거래집계'!$E:$E,'_거래집계'!$A:$A,"미장",'_거래집계'!$F:$F,$A20)) | C20: =IF($A20="","",N($F20)+SUMIFS('_거래집계'!$D:$D,'_거래집계'!$A:$A,"미장",'_거래집계'!$F:$F,$A20,'_거래집계'!$C:$C,"매도",'_거래집계'!$G:$G,">"&$B$3)-SUMIFS('_거래집계'!$D:$D,'_거래집계'!$A:$A,"미장",'_거래집계'!$F:$F,$A20,'_거래집계'!$C:$C,"매수",'_거래집계'!$G:$G,">"&$B$3)+N($H20)) | D20: =IF($A20="","",B20+C20) | E20: =IF(OR($A20="",$D$26=0),"",D20/$D$26) | F20: 2000 | G20: =IF($A20="","",SUMIFS('_거래집계'!$E:$E,'_거래집계'!$A:$A,"미장",'_거래집계'!$F:$F,$A20,'_거래집계'!$G:$G,">"&$B$3)) | H20: =IF($A20="","",SUMIFS($F$36:$F,$C$36:$C,$A20,$B$36:$B,"달러 매수",$A$36:$A,">"&$B$3)-SUMIFS($F$36:$F,$C$36:$C,$A20,$B$36:$B,"달러 매도",$A$36:$A,">"&$B$3))
A21: 토스증권 | B21: =IF($A21="","",SUMIFS('_거래집계'!$D:$D,'_거래집계'!$A:$A,"미장",'_거래집계'!$F:$F,$A21,'_거래집계'!$C:$C,"매수")-SUMIFS('_거래집계'!$D:$D,'_거래집계'!$A:$A,"미장",'_거래집계'!$F:$F,$A21,'_거래집계'!$C:$C,"매도")+SUMIFS('_거래집계'!$E:$E,'_거래집계'!$A:$A,"미장",'_거래집계'!$F:$F,$A21)) | C21: =IF($A21="","",N($F21)+SUMIFS('_거래집계'!$D:$D,'_거래집계'!$A:$A,"미장",'_거래집계'!$F:$F,$A21,'_거래집계'!$C:$C,"매도",'_거래집계'!$G:$G,">"&$B$3)-SUMIFS('_거래집계'!$D:$D,'_거래집계'!$A:$A,"미장",'_거래집계'!$F:$F,$A21,'_거래집계'!$C:$C,"매수",'_거래집계'!$G:$G,">"&$B$3)+N($H21)) | D21: =IF($A21="","",B21+C21) | E21: =IF(OR($A21="",$D$26=0),"",D21/$D$26) | F21: 0 | G21: =IF($A21="","",SUMIFS('_거래집계'!$E:$E,'_거래집계'!$A:$A,"미장",'_거래집계'!$F:$F,$A21,'_거래집계'!$G:$G,">"&$B$3)) | H21: =IF($A21="","",SUMIFS($F$36:$F,$C$36:$C,$A21,$B$36:$B,"달러 매수",$A$36:$A,">"&$B$3)-SUMIFS($F$36:$F,$C$36:$C,$A21,$B$36:$B,"달러 매도",$A$36:$A,">"&$B$3))
B22: =IF($A22="","",SUMIFS('_거래집계'!$D:$D,'_거래집계'!$A:$A,"미장",'_거래집계'!$F:$F,$A22,'_거래집계'!$C:$C,"매수")-SUMIFS('_거래집계'!$D:$D,'_거래집계'!$A:$A,"미장",'_거래집계'!$F:$F,$A22,'_거래집계'!$C:$C,"매도")+SUMIFS('_거래집계'!$E:$E,'_거래집계'!$A:$A,"미장",'_거래집계'!$F:$F,$A22)) | C22: =IF($A22="","",N($F22)+SUMIFS('_거래집계'!$D:$D,'_거래집계'!$A:$A,"미장",'_거래집계'!$F:$F,$A22,'_거래집계'!$C:$C,"매도",'_거래집계'!$G:$G,">"&$B$3)-SUMIFS('_거래집계'!$D:$D,'_거래집계'!$A:$A,"미장",'_거래집계'!$F:$F,$A22,'_거래집계'!$C:$C,"매수",'_거래집계'!$G:$G,">"&$B$3)+N($H22)) | D22: =IF($A22="","",B22+C22) | E22: =IF(OR($A22="",$D$26=0),"",D22/$D$26) | G22: =IF($A22="","",SUMIFS('_거래집계'!$E:$E,'_거래집계'!$A:$A,"미장",'_거래집계'!$F:$F,$A22,'_거래집계'!$G:$G,">"&$B$3)) | H22: =IF($A22="","",SUMIFS($F$36:$F,$C$36:$C,$A22,$B$36:$B,"달러 매수",$A$36:$A,">"&$B$3)-SUMIFS($F$36:$F,$C$36:$C,$A22,$B$36:$B,"달러 매도",$A$36:$A,">"&$B$3))
B23: =IF($A23="","",SUMIFS('_거래집계'!$D:$D,'_거래집계'!$A:$A,"미장",'_거래집계'!$F:$F,$A23,'_거래집계'!$C:$C,"매수")-SUMIFS('_거래집계'!$D:$D,'_거래집계'!$A:$A,"미장",'_거래집계'!$F:$F,$A23,'_거래집계'!$C:$C,"매도")+SUMIFS('_거래집계'!$E:$E,'_거래집계'!$A:$A,"미장",'_거래집계'!$F:$F,$A23)) | C23: =IF($A23="","",N($F23)+SUMIFS('_거래집계'!$D:$D,'_거래집계'!$A:$A,"미장",'_거래집계'!$F:$F,$A23,'_거래집계'!$C:$C,"매도",'_거래집계'!$G:$G,">"&$B$3)-SUMIFS('_거래집계'!$D:$D,'_거래집계'!$A:$A,"미장",'_거래집계'!$F:$F,$A23,'_거래집계'!$C:$C,"매수",'_거래집계'!$G:$G,">"&$B$3)+N($H23)) | D23: =IF($A23="","",B23+C23) | E23: =IF(OR($A23="",$D$26=0),"",D23/$D$26) | G23: =IF($A23="","",SUMIFS('_거래집계'!$E:$E,'_거래집계'!$A:$A,"미장",'_거래집계'!$F:$F,$A23,'_거래집계'!$G:$G,">"&$B$3)) | H23: =IF($A23="","",SUMIFS($F$36:$F,$C$36:$C,$A23,$B$36:$B,"달러 매수",$A$36:$A,">"&$B$3)-SUMIFS($F$36:$F,$C$36:$C,$A23,$B$36:$B,"달러 매도",$A$36:$A,">"&$B$3))
B24: =IF($A24="","",SUMIFS('_거래집계'!$D:$D,'_거래집계'!$A:$A,"미장",'_거래집계'!$F:$F,$A24,'_거래집계'!$C:$C,"매수")-SUMIFS('_거래집계'!$D:$D,'_거래집계'!$A:$A,"미장",'_거래집계'!$F:$F,$A24,'_거래집계'!$C:$C,"매도")+SUMIFS('_거래집계'!$E:$E,'_거래집계'!$A:$A,"미장",'_거래집계'!$F:$F,$A24)) | C24: =IF($A24="","",N($F24)+SUMIFS('_거래집계'!$D:$D,'_거래집계'!$A:$A,"미장",'_거래집계'!$F:$F,$A24,'_거래집계'!$C:$C,"매도",'_거래집계'!$G:$G,">"&$B$3)-SUMIFS('_거래집계'!$D:$D,'_거래집계'!$A:$A,"미장",'_거래집계'!$F:$F,$A24,'_거래집계'!$C:$C,"매수",'_거래집계'!$G:$G,">"&$B$3)+N($H24)) | D24: =IF($A24="","",B24+C24) | E24: =IF(OR($A24="",$D$26=0),"",D24/$D$26) | G24: =IF($A24="","",SUMIFS('_거래집계'!$E:$E,'_거래집계'!$A:$A,"미장",'_거래집계'!$F:$F,$A24,'_거래집계'!$G:$G,">"&$B$3)) | H24: =IF($A24="","",SUMIFS($F$36:$F,$C$36:$C,$A24,$B$36:$B,"달러 매수",$A$36:$A,">"&$B$3)-SUMIFS($F$36:$F,$C$36:$C,$A24,$B$36:$B,"달러 매도",$A$36:$A,">"&$B$3))
B25: =IF($A25="","",SUMIFS('_거래집계'!$D:$D,'_거래집계'!$A:$A,"미장",'_거래집계'!$F:$F,$A25,'_거래집계'!$C:$C,"매수")-SUMIFS('_거래집계'!$D:$D,'_거래집계'!$A:$A,"미장",'_거래집계'!$F:$F,$A25,'_거래집계'!$C:$C,"매도")+SUMIFS('_거래집계'!$E:$E,'_거래집계'!$A:$A,"미장",'_거래집계'!$F:$F,$A25)) | C25: =IF($A25="","",N($F25)+SUMIFS('_거래집계'!$D:$D,'_거래집계'!$A:$A,"미장",'_거래집계'!$F:$F,$A25,'_거래집계'!$C:$C,"매도",'_거래집계'!$G:$G,">"&$B$3)-SUMIFS('_거래집계'!$D:$D,'_거래집계'!$A:$A,"미장",'_거래집계'!$F:$F,$A25,'_거래집계'!$C:$C,"매수",'_거래집계'!$G:$G,">"&$B$3)+N($H25)) | D25: =IF($A25="","",B25+C25) | E25: =IF(OR($A25="",$D$26=0),"",D25/$D$26) | G25: =IF($A25="","",SUMIFS('_거래집계'!$E:$E,'_거래집계'!$A:$A,"미장",'_거래집계'!$F:$F,$A25,'_거래집계'!$G:$G,">"&$B$3)) | H25: =IF($A25="","",SUMIFS($F$36:$F,$C$36:$C,$A25,$B$36:$B,"달러 매수",$A$36:$A,">"&$B$3)-SUMIFS($F$36:$F,$C$36:$C,$A25,$B$36:$B,"달러 매도",$A$36:$A,">"&$B$3))
A26: 합계 | B26: =SUM(B20:B25) | C26: =SUM(C20:C25) | D26: =SUM(D20:D25) | E26: =SUM(E20:E25) | F26: =SUM(F20:F25) | G26: =SUM(G20:G25) | H26: =SUM(H20:H25)
A27: 누적 달러 매수 | B27: =SUMIFS($F$36:$F,$B$36:$B,"달러 매수")
A28: 누적 달러 매도 | B28: =-SUMIFS($F$36:$F,$B$36:$B,"달러 매도")
A29: 투자 원금 | B29: =B27+B28
A30: 기준 환율 (누적 달러 매수 평균 · 자동) | B30: =IF(B27=0,FX_USDKRW,SUMIFS($D$36:$D,$B$36:$B,"달러 매수")/B27) | C30: 현재 환율 (설정 B5) | D30: =FX_USDKRW
A31: 투자 원금 (원화 환산) | B31: =B29*B30 | C31: 환차손익 (미실현, 원금 기준) | D31: =B29*FX_USDKRW-B31
A32: 목록에 없는 거래 계좌 | B32: =ARRAYFORMULA(LET(m,'_거래집계'!A2:A,f,'_거래집계'!F2:F,acc,UNIQUE(FILTER(m&" · "&f,m<>"")),reg,VSTACK("국장 · "&A7:A12,"미장 · "&A20:A25),miss,FILTER(acc,ISNA(MATCH(acc,reg,0))),IFERROR(TEXTJOIN(", ",TRUE,miss),"없음 ✓"))) | C32: 환전 실현손익 (달러 매도) | D32: =SUMIFS($D$36:$D,$B$36:$B,"달러 매도")-SUMIFS($F$36:$F,$B$36:$B,"달러 매도")*$B$30
A34: 입출금 · 환전 내역 (원금 산정 기준)
A35: 일자 | B35: 구분 | C35: 계좌 | D35: 원화 금액 | E35: 적용 환율 | F35: 달러 금액 | G35: 메모
A36: 46024 | B36: 입금 | C36: 메리츠증권 | D36: 10000000 | G36: 샘플: 기준일 원금 이월
A37: 46024 | B37: 입금 | C37: 토스증권 | D37: 3000000 | G37: 샘플: 기준일 원금 이월
A38: 46024 | B38: 달러 매수 | C38: 메리츠증권 | D38: 2700000 | E38: 1350 | F38: 2000 | G38: 샘플: 기준일 달러 원금 이월
A39: 46055 | B39: 입금 | C39: 토스증권 | D39: 1000000 | G39: 샘플: 추가 입금
A40: 46084 | B40: 달러 매수 | C40: 토스증권 | D40: 676000 | E40: 1352 | F40: 500 | G40: 샘플: 환전

Sheet 설정
A1: 설정
A2: 파란 글씨는 직접 입력하는 칸입니다. 모든 시트는 이름 범위(FX_USDKRW, URL_KR, URL_US)로 이 값을 참조합니다.
A4: 항목 | B4: 값 | C4: 이름 범위 | D4: 설명
A5: 환율 (USD/KRW) | B5: =IFERROR(GOOGLEFINANCE("CURRENCY:USDKRW"), 1350) | C5: FX_USDKRW | D5: GOOGLEFINANCE 실시간 환율 (실패 시 기본값 1,350)
A6: 국장 파일 URL | B6: https://docs.google.com/spreadsheets/d/<국장_주식일지 ID> | C6: URL_KR | D6: 국장_주식일지 스프레드시트 주소
A7: 미장 파일 URL | B7: https://docs.google.com/spreadsheets/d/<미장_주식일지 ID> | C7: URL_US | D7: 미장_주식일지 스프레드시트 주소

Sheet _거래집계
A1: =ARRAYFORMULA(LET(imp,LAMBDA(url,mkt,LET(tl,IMPORTRANGE(url,"'종목목록'!A2:A"),tabs,FILTER(tl,tl<>""),REDUCE({"","","","","","",""},tabs,LAMBDA(acc,t,IFERROR(LET(d,IMPORTRANGE(url,"'"&t&"'!A9:J"),f,FILTER(d,(INDEX(d,,2)="매수")+(INDEX(d,,2)="매도")),VSTACK(acc,HSTACK(IF(INDEX(f,,2)<>"",mkt),IF(INDEX(f,,2)<>"",t),CHOOSECOLS(f,2,6,9,10,1)))),acc))))),all,VSTACK(imp(URL_KR,"국장"),imp(URL_US,"미장")),VSTACK({"시장","종목","구분","정산금액","실현손익","계좌","일자"},FILTER(all,INDEX(all,,1)<>""))))

Sheet App_매매계획
A1: 종목코드 | B1: 시장 | C1: 종목탭 | D1: 목표가 | E1: 손절가 | F1: 목표비중(%) | G1: 투자근거 | H1: 메모 | I1: 수정일

Sheet App_매매회고
A1: 거래키 | B1: 시장 | C1: 종목탭 | D1: 거래일자 | E1: 구분 | F1: 수량 | G1: 단가 | H1: 전략태그 | I1: 감정 | J1: 회고 | K1: 평점 | L1: 작성일

Sheet App_자산추이
A1: 일자 | B1: 투자원금(KRW) | C1: 총평가자산(KRW) | D1: 총손익(KRW) | E1: 수익률 | F1: 국장 총평가(KRW) | G1: 미장 총평가(USD) | H1: 예수금(KRW환산) | I1: 환율(USD/KRW) | J1: 국장 원금(KRW) | K1: 미장 원금(USD) | L1: 기록시각

Sheet App_관심종목
A1: 티커 | B1: 종목명 | C1: 시장 | D1: 메모 | E1: 추가일
A2: NASDAQ:MSFT | B2: Microsoft | C2: 미장 | D2: 샘플 관심종목 | E2: 2026-01-02

Sheet App_전망
A1: 작성일 | B1: 구분 | C1: 티커 | D1: 종목명 | E1: 단기 | F1: 중기 | G1: 장기 | H1: 요약 | I1: 근거·이벤트 | J1: 출처

Sheet App_일간전망
A1: 작성일 | B1: 구분 | C1: 티커 | D1: 종목명 | E1: 오늘 전망 | F1: 요약 | G1: 체크포인트 | H1: 출처

Sheet App_시그널
A1: 키 | B1: 신호일 | C1: 시장 | D1: 티커 | E1: 종목명 | F1: 구분 | G1: 전략 | H1: 신호 | I1: 근거 | J1: 가격 | K1: 기준 심볼 | L1: 기록시각

Sheet App_재무추이
A1: 키 | B1: 일자 | C1: 시장 | D1: 티커 | E1: 종목명 | F1: 현재가 | G1: 실적 PER | H1: 12개월 선행 PER | I1: 포워드 PER | J1: 실적 EPS | K1: 12개월 선행 EPS | L1: 올해 회계연도 말 | M1: 올해 추정 EPS | N1: 내년 회계연도 말 | O1: 내년 추정 EPS | P1: 목표주가 | Q1: 투자의견(5=강력매수) | R1: 출처 | S1: 기록시각
